{
  "keyboard_name": "susbaord",
  "url": "",
  "maintainer": "qmk",
  "layouts": {
    "LAYOUT_all": {
      "layout": [
      {"label":"k01", "x":1, "y":0}, 
      {"label":"k02", "x":2, "y":0},
      {"label":"k03", "x":3, "y":0},  
      {"label":"k11", "x":1, "y":1}, 
      {"label":"k12", "x":2, "y":1}, 
      {"label":"k13", "x":3, "y":1},
      {"label":"k20", "x":0, "y":1,"h":2}, 
      {"label":"k21", "x":1, "y":2}, 
      {"label":"k22", "x":2, "y":2},
      {"label":"k23", "x":3, "y":2},
      {"label":"k31", "x":1, "y":3},
      {"label":"k33", "x":3, "y":3}
      ]
    }
  }
}
